Website URL,Email Scraped
http://anchormarinesupplies.com.sg/,Spares@anchormarine.com.sg
http://anchormarinesupplies.com.sg/,amsspore@anchormarine.com.sg
http://anchormarinesupplies.com.sg/,sales@anchormarine.com.sg
http://atlantic-group.com/,
http://atlantic-group.com/,ajeronimo@atlantic-group.com
http://atlantic-group.com/,badamson@atlantic-group.com
http://atlantic-group.com/,cshernius@atlantic-group.com
http://atlantic-group.com/,egronbeck@atlantic-group.com
http://atlantic-group.com/,hjohnson@atlantic-group.com
http://atlantic-group.com/,jcahill@atlantic-group.com
http://atlantic-group.com/,merdek@atlantic-group.com
http://atlantic-group.com/,pgronbeck@atlantic-group.com
http://atlantic-group.com/,sales@atlantic-group.com
http://atlantic-group.com/,sgronbeck@atlantic-group.com
http://atlantic-group.com/,tburns@atlantic-group.com
http://atlasmarine.sg/,sales@atlasmarine.sg
http://awshipmanagement.com/,cargo@awsml.co.uk
http://awshipmanagement.com/,shipman@awsml.co.uk
http://bluewatergroup.ca/,
http://bluewatergroup.ca/,accountsreceivable@bluewatergroup.ca
http://bluewatergroup.ca/,alberta@bluewatergroup.ca
http://bluewatergroup.ca/,mobil1@bluewatergroup.ca
http://bluewatergroup.ca/,mobil1nl@bluewatergroup.ca
http://bluewatergroup.ca/,sales@bluewatergroup.ca
http://cullenmetcalfe.com/,
http://cullenmetcalfe.com/,info@culmet.com
http://cullenmetcalfe.com/,info@sump-stammerasia.com
http://cullenmetcalfe.com/,jennifer@cullenmetcalfe.com
http://cullenmetcalfe.com/,sales@cullenmetcalfe.com
http://edoc.certex.dk/,
http://eurobalt.lv/,
http://harritrading.nl/,info@harritrading.nl
http://incargo.es/,
http://jdshipgroup.com/,
http://jdshipgroup.com/,accounts@jdship.com
http://jdshipgroup.com/,accounts@sdadmin.co.za
http://jdshipgroup.com/,accounts@sjwtech.co.za
http://jdshipgroup.com/,accounts@xcurity.co.za
http://jdshipgroup.com/,info@jdship.com
http://jdshipgroup.com/,info@sdadmin.co.za
http://jdshipgroup.com/,info@sjwtech.co.za
http://jdshipgroup.com/,info@xcurity.co.za
http://jdshipgroup.com/,sales@jdship.com
http://jdshipgroup.com/,sales@sdadmin.co.za
http://jdshipgroup.com/,sales@sjwtech.co.za
http://jdshipgroup.com/,sales@xcurity.co.za
http://komasco.com/,
http://komasco.com/,komasco@komasco.com
http://libmar.com/,
http://libmar.com/,Sales@Libmar.com
http://mariteam.dk/,info@mariteam.dk
http://mariteam.dk/,meng@mariteam.dk
http://mariteam.dk/,nielsdavid@mariteam.dk
http://mariteam.dk/,tonnie@mariteam.dk
http://mef.ae/,engineering@mef.ae
http://mef.ae/,goodfood@mef.ae
http://mef.ae/,info@mef.ae
http://mef.ae/,info@mefkoman.com
http://mef.ae/,maintenance@mef.ae
http://mef.ae/,operations@mefk.ae
http://mef.ae/,qatar@mef.ae
http://mssnovo.com/,
http://nos-as.dk/,sales@nos-as.dk
http://ostarmarine.cn/,
http://salvogrima.com/,acamilleri@salvogrima.com.mt
http://salvogrima.com/,andrew@no12wines.com
http://salvogrima.com/,careers@salvogrima.com.mt
http://salvogrima.com/,cmicallef@salvogrima.com.mt
http://salvogrima.com/,info@salvogrima.com.mt
http://salvogrima.com/,jcutajar@salvogrima.com.mt
http://salvogrima.com/,jzammit@salvogrima.com.mt
http://salvogrima.com/,kaquilina@salvogrima.com.mt
http://salvogrima.com/,kspiteri@salvogrima.com.mt
http://salvogrima.com/,shipsupply@salvogrima.com.mt
http://sambekiel.com/,sbkresources@gmail.com
http://same.com.ph/,
http://same.com.ph/,sales@same.com.ph
http://shipdecor.dk/,info@shipdecor.dk
http://tmc.no/,
http://tmc.no/,sness@tmc.no
http://universalmarinemedical.com/,ausales@ummsc.com
http://universalmarinemedical.com/,charlesg@ummsc.com
http://universalmarinemedical.com/,clement@sunshinesachs.com
http://universalmarinemedical.com/,sales@ummsc.com
http://universalmarinemedical.com/,sales@ummuk.com
http://wms.gr/,
http://wms.gr/,ALMANSOOB@Y.NET.YE
http://wms.gr/,acropol@prodigy.net.mx
http://wms.gr/,acropolis52@hotmail.com
http://wms.gr/,adasco.chandler@gmail.com
http://wms.gr/,adasco@adasco.com.jo
http://wms.gr/,adm@supportma.com
http://wms.gr/,aidi.bros@gnet.tn
http://wms.gr/,airia@airia.com.my
http://wms.gr/,almansoob.djibouti@hotmail.com
http://wms.gr/,apollo-callao@apollo-services.com
http://wms.gr/,calhau@comercialcalhau.com.br
http://wms.gr/,catering.chandling@gmail.com
http://wms.gr/,chandler@peltzmarine.com
http://wms.gr/,cmi-marine@cmi.vn
http://wms.gr/,cmi-vn@cmi.vn
http://wms.gr/,contact@iea-shipsupply.com
http://wms.gr/,customer@rmsmarineservice.com
http://wms.gr/,cvmsm@cbn.net.id
http://wms.gr/,dksupply@dekytspotter.com
http://wms.gr/,eleng@eleng.biz
http://wms.gr/,evanuche@yahoo.com
http://wms.gr/,fairin@md3.vsnl.net.in
http://wms.gr/,fairin@vsnl.net
http://wms.gr/,flot@loigo.ee
http://wms.gr/,friendsshipchnadlers@hotmail.com
http://wms.gr/,george@shipsupplygroup.com
http://wms.gr/,gpierotti@gpierotti.com.br
http://wms.gr/,gr@rmsmarineservice.com
http://wms.gr/,gr@rmsmarineservice.kr
http://wms.gr/,green@ikenya.com
http://wms.gr/,hk@mansangco.com
http://wms.gr/,horgship@indigo.ie
http://wms.gr/,info@admiralharding.com
http://wms.gr/,info@adonaishippinginter.com
http://wms.gr/,info@al-minhali.com
http://wms.gr/,info@atlanticmaritimeship.com
http://wms.gr/,info@atlasshipsupply.com
http://wms.gr/,info@hellenicgroup.com
http://wms.gr/,info@horganshipping.com
http://wms.gr/,info@msc-bv.nl
http://wms.gr/,info@nbs-maritime.com
http://wms.gr/,info@penguin.lk
http://wms.gr/,info@pilionhellas.gr
http://wms.gr/,info@pilotms.com
http://wms.gr/,info@sisnv.com
http://wms.gr/,info@sonino.it
http://wms.gr/,info@thenylcompany.com
http://wms.gr/,info@tmsnola.com
http://wms.gr/,itacoatiarasupply@gmail.com
http://wms.gr/,italfornavi@italfornavi.com
http://wms.gr/,klchandler@intnet.mu
http://wms.gr/,mail@durbanbay.co.za
http://wms.gr/,main@layam.com
http://wms.gr/,marex@marexsupply.com.br
http://wms.gr/,mss@netactive.co.za
http://wms.gr/,neptun@mail.wplus.net
http://wms.gr/,nimi@cytanet.com.cy
http://wms.gr/,nobu2663@oak.ocn.ne.jp
http://wms.gr/,office@concordshipping.com
http://wms.gr/,office@shipstores-nyman.fi
http://wms.gr/,office@shipsupplies.co.nz
http://wms.gr/,olashipsupply@gmail.com
http://wms.gr/,olashipsupply@setarnet.aw
http://wms.gr/,olimpic@olimpic.com.pl
http://wms.gr/,omegamarinesupply@hotmail.com
http://wms.gr/,ongd@gye.satnet.net
http://wms.gr/,opera@gandarachile.cl
http://wms.gr/,operationes@apollo-services.com
http://wms.gr/,operations.ctg@therozogroup.com
http://wms.gr/,operations@atlasshipsupply.com
http://wms.gr/,operations@bayport.eu
http://wms.gr/,operations@oceanfair.com
http://wms.gr/,operationslp@bayport.eu
http://wms.gr/,pariashipsuppliers@pariatt.com
http://wms.gr/,pariashipsuppliersltd@gmail.com
http://wms.gr/,penguin@eureka.lk
http://wms.gr/,polynave@gmail.com
http://wms.gr/,promed@promedshipsupply.it
http://wms.gr/,purchase@adonaishippinginter.com
http://wms.gr/,sales.dpt@iea-shipsupply.com
http://wms.gr/,sales.perth@sinwaglobal.com
http://wms.gr/,sales@al-minhali.com
http://wms.gr/,sales@coast2coastservices.com
http://wms.gr/,sales@colemanmarine.com
http://wms.gr/,sales@gsaza.com.mx
http://wms.gr/,sales@hellenicgroup.com
http://wms.gr/,sales@klausengestby.com
http://wms.gr/,sales@malkiship.com
http://wms.gr/,sales@mercansa.com
http://wms.gr/,sales@pngsrl.it
http://wms.gr/,sales@promedshipsupply.it
http://wms.gr/,sales@promptsuppliers.com
http://wms.gr/,sales@seaservicesltd.co.nz
http://wms.gr/,sales@tasshipping.com.au
http://wms.gr/,sales@totalmarine.net.au
http://wms.gr/,sales@westcoastship.com
http://wms.gr/,sanantoniomarketing@gmail.com
http://wms.gr/,sanantonrcl@hotmail.com
http://wms.gr/,sanpedro@shipsupplygroup.com
http://wms.gr/,sevenseas-marine@menara.ma
http://wms.gr/,sgae@sgae.fr
http://wms.gr/,shipsup@marinesupply.com.au
http://wms.gr/,sinwa@sinwaglobal.com
http://wms.gr/,sovhan@smssmsgroup.net
http://wms.gr/,starstor@elogica.com.br
http://wms.gr/,stephane@civadis-ci.com
http://wms.gr/,stores@totalmarinesupply.com.au
http://wms.gr/,supplier.rio@vitoriaship.com.br
http://wms.gr/,supplies@pnfenech.com
http://wms.gr/,supply.bahrain@sevenseasgroup.com
http://wms.gr/,supply.latvia@unimars.eu
http://wms.gr/,supply.lithuania@unimars.eu
http://wms.gr/,supply.oman@sevenseasgroup.com
http://wms.gr/,supply.portugal@sevenseasgroup.com
http://wms.gr/,supply.qatar@sevenseasgroup.com
http://wms.gr/,supply.ro@nbs-maritime.com
http://wms.gr/,supply@cpmarinesupply.com
http://wms.gr/,supply@hellenicusa.net
http://wms.gr/,supply@itasupply.com.br
http://wms.gr/,supply@nbs-maritime.com
http://wms.gr/,supply@vetorbahia.com.br
http://wms.gr/,support@supportma.com
http://wms.gr/,tai-may@umail.hinet.net
http://wms.gr/,taimay.twn@msa.hinet.net
http://wms.gr/,thenylcompany@gmail.com
http://wms.gr/,tritonship@hotmail.com
http://wms.gr/,tss@internet.com.uy
http://wms.gr/,uscthoumasmndutyfreestore@yahoo.fr
http://wms.gr/,vancouver@karlogroup.com
http://wms.gr/,vcr@karlogroup.com
http://wms.gr/,vitoriaship@vitoriaship.com.br
http://wms.gr/,vrontado@global.co.za
http://wms.gr/,wms@wms.gr
http://wms.gr/,wms@world-marine-services.com
http://wms.gr/,wrist@wrist.dk
http://www.ab-maritime.com/,
http://www.adamarine.com/,
http://www.admiralharding.com/,
http://www.admiralharding.com/,harding.aberdeen@hardingmarine.co.uk
http://www.admiralharding.com/,harding.marine@hardingmarine.co.uk
http://www.admiralharding.com/,info@admiralharding.com
http://www.ajsmarine.co.uk/,
http://www.al-minhali.com/,
http://www.alexismarineindia.com/,
http://www.alexismarineindia.com/,southeast@alexismarineindia.com
http://www.alexismarineindia.com/,westcoast@alexismarineindia.com
http://www.alfaship.net/,
http://www.allforsail.com/,allforsail@allforsail.com
http://www.almansoob.com.ye/,
http://www.almansoob.com.ye/,Almansoob@y.net.ye
http://www.alphasupply.org/,
http://www.anchorshipchandlers.com/,
http://www.armamarine.com/,arma@armamarine.com
http://www.atlanticmaritimeshipsupply.com/,
http://www.atlanticsuez.com/,
http://www.atlasmarinevalves.com/,
http://www.atlasmur.ru/,
http://www.atlasshipsupply.com/,
http://www.atlasshipsupply.com/,info@atlasshipsupply.com
http://www.atlasshipsupply.com/,provisions@atlasshipsupply.com
http://www.atlasshipsupply.com/,technical@atlasshipsupply.com
http://www.avsglobalsupply.com/,
http://www.avsglobalsupply.com/,hr@avsglobalsupply.com
http://www.avsglobalsupply.com/,info@avsglobalsupply.com
http://www.avsglobalsupply.com/,info@avsgreece.gr
http://www.avsglobalsupply.com/,technical@avsglobalsupply.com
http://www.awilco.no/,
http://www.awilco.no/,mail@awilco.no
http://www.awilco.no/,shipping@awilco.no
http://www.baltmarine.ru/,
http://www.baltmarine.ru/,postmaster@baltmarine.ru
http://www.baltmarine.ru/,spare@baltmarine.ru
http://www.bamburishipchandlers.com/,webmaster@bamburishipchandlers.com
http://www.barronmarine.com/,barron.marine@mclarengriup.co.uk
http://www.barronmarine.com/,barron.marine@mclarengroup.co.uk
http://www.barronmarine.com/,towage.desk@mclarengroup.co.uk
http://www.belfastshipstores.com/,
http://www.blmarine.com.my/,
http://www.blmarine.com.my/,sales@blmarine.com.my
http://www.boapraca.com.br/,macae@boapraca.com.br
http://www.boapraca.com.br/,rio@boapraca.com.br
http://www.boapraca.com.br/,vitoria@boapraca.com.br
http://www.brabo-enterprises.be/,info@brabo-enterprises.be
http://www.cable-world.co.uk/,
http://www.cable-world.co.uk/,anita@cable-world.co.uk
http://www.cable-world.co.uk/,ian@cable-world.co.uk
http://www.cable-world.co.uk/,sales@cable-world.co.uk
http://www.cable-world.co.uk/,simon@cable-world.co.uk
http://www.captain-napoleon.com/,caominhco@vnn.vn
http://www.captain-napoleon.com/,capt-napoleon@cmi.vn
http://www.captain-napoleon.com/,capt-napoleon@hcm.vnn.vn
http://www.captain-napoleon.com/,cmi-marine@cmi.vn
http://www.captain-napoleon.com/,cmi-vn@cmi.vn
http://www.captain-napoleon.com/,cmi-vn@hcm.vnn.vn
http://www.captain-napoleon.com/,cminhatrg@dng.vnn.vn
http://www.chandling.com/,
http://www.chandling.com/,sales@chandling.com
http://www.clipper-group.com/,
http://www.clipper-group.com/,aje@seatruckgroup.co.uk
http://www.clipper-group.com/,bulk.cht.hkg@clipper-group.com
http://www.clipper-group.com/,bulk.opr.hkg@clipper-group.com
http://www.clipper-group.com/,bulk.steel@clipper-group.com
http://www.clipper-group.com/,compass.rose@clipper-group.com
http://www.clipper-group.com/,mhc@clipper-group.com
http://www.clippership.ca/,
http://www.clippership.ca/,supply@clippership.ca
http://www.cm.com.sg/,sales@cm.com.sg
http://www.cn-goldenharvest.com/,
http://www.cn-goldenharvest.com/,agency@cn-goldenharvest.com
http://addresses.wartsila.com/,
http://www.cn-goldenharvest.com/,cruise.supply@cn-goldenharvest.com
http://www.cn-goldenharvest.com/,dubai@cn-goldenharvest.com
http://www.cn-goldenharvest.com/,ghitco@cn-goldenharvest.com
http://www.cn-goldenharvest.com/,greece@cn-goldenharvest.com
http://www.cn-goldenharvest.com/,logistics@cn-goldenharvest.com
http://www.cn-goldenharvest.com/,marketing@cn-goldenharvest.com
http://www.cn-goldenharvest.com/,spares@cn-goldenharvest.com
http://www.cn-goldenharvest.com/,supply@cn-goldenharvest.com
http://www.columbia-shipmanagement.com/,
http://www.columbia-shipmanagement.com/,kontakt@vektori.de
http://www.columbia-shipmanagement.com/,marketing@csmcy.com
http://www.columbia-shipmanagement.com/,seajobs@csmcy.com
http://www.columbia-shipmanagement.com/,shipmanagement@csmcy.com
http://www.columbia-shipmanagement.com/,shorejobs@csmcy.com
http://www.con-lash.com/,
http://www.con-lash.com/,conlash@singnet.com.sg
http://www.con-lash.com/,operations@con-lash.com
http://www.con-lash.com/,purchasing@con-lash.com
http://www.concord.itgo.com/,
http://www.concord.itgo.com/,concord@interlink-eg.com
http://www.coraldubai.com/,
http://www.craig-group.com/,
http://www.craig-group.com/,bruce.cormie@craig-group.com
http://www.craig-group.com/,carol.ross@craig-group
http://www.craig-group.com/,carol.ross@craig-group.com
http://www.craig-group.com/,fraud@craig-group.com
http://www.craig-group.com/,jill.macdonald@craig-group.com
http://www.craig-group.com/,paul.girvan@kings-links.com
http://www.craig-group.com/,steve.gibson@craig-group.com
http://www.craig-group.com/,steve.mchardy@craig-group.com
http://www.craig-group.com/,steven.craig@craig-group.com
http://www.craig-group.com/,zoe.ogilvie@bigpartnership.co.uk
http://www.deckhousegroup.com/,
http://www.deckhousegroup.com/,info@deckhouseusa.com
http://www.deckhousegroup.com/,info@demolink.org
http://www.denfoil.com/,info@denfoil.com
http://www.denfoil.com/,info@rmn.eu
http://www.denfoil.com/,info@sjosakerhet.se
http://www.denfoil.com/,post@josafety.no
http://www.dintec.co.kr/,
http://www.dintec.co.kr/,business@highway-marine.com
http://www.dintec.co.kr/,carlos@danconsultoria.com.br
http://www.dintec.co.kr/,envirotama@centrin.net.id
http://www.dintec.co.kr/,gdchoi@dintec.co.kr
http://www.dintec.co.kr/,service@dintec.com.sg
http://www.dintec.co.kr/,siti@zsrvortices.com
http://www.ditco-shipsuppliers.com/,sales@ditco.nl
http://ampscoegypt.net/,
http://amzoneinternational.com/,
http://www.draftmarine.com.br/,
http://www.drew-marine.com/,
http://www.drew-marine.com/,info@drew-marine.com
http://www.drew-marine.com/,mguttridge@drew-marine.com
http://www.dringenieria.com/,
http://www.ds-norden.com/,
http://www.dsf.com.br/,
http://www.dsf.com.br/,fabio@dsf.com.br
http://www.east-wind.de/,
http://www.egsgov.com/,info@egsgov.com
http://www.egss.com.tn/,
http://www.egss.com.tn/,contact@egss.com.tn
http://www.egss.com.tn/,info@egss.com.tn
http://www.egss.com.tn/,supply@egss.com.tn
http://www.engmar.com/,
http://www.engmar.com/,sales@engmar.com
http://www.exportadora-sf.com.br/,
http://www.expressshipchandlers.com/,
http://www.expressshipchandlers.com/,ahmed@expressshipchandlers.com
http://www.expressshipchandlers.com/,aslam@expressshipchandlers.com
http://www.expressshipchandlers.com/,collin@expressshipchandlers.com
http://www.expressshipchandlers.com/,ismail@expressshipchandlers.com
http://www.expressshipchandlers.com/,ramesh@expressshipchandlers.com
http://www.expressshipchandlers.com/,sales@expressshipchandlers.com
http://www.expressshipchandlers.com/,salim@expressshipchandlers.com
http://www.expressshipchandlers.com/,talik@expressshipchandlers.com
http://www.expressshipchandlers.com/,zakir@expressshipchandlers.com
http://www.exsil.be/,
http://www.exsil.be/,info@exsil.be
http://www.ferryl.com/,Mariano.BadellSerra@sevenseasgroup.com
http://www.ferryl.com/,SNQ@fujitrading.co.jp
http://www.ferryl.com/,adamallys@adamallysllc.com
http://www.ferryl.com/,baltsales@fujitrading.us
http://www.ferryl.com/,behzad@qatar.net.qa
http://www.ferryl.com/,ccastillo@amarradores.com
http://www.ferryl.com/,contato@cortecpresserv.com.br
http://www.ferryl.com/,daquilina@salvogrima.com.mt
http://www.ferryl.com/,dfs@dfs-ab.se
http://www.ferryl.com/,duan@ferryl.cn
http://www.ferryl.com/,duan@hissenmarine.com
http://www.ferryl.com/,ferrylsalesltd@ferryl.com
http://www.ferryl.com/,gustaf.wegelius@finnparts.fi
http://www.ferryl.com/,houston@wrist.com
http://www.ferryl.com/,info@fujifts.com
http://www.ferryl.com/,info@fujimarinehk.com
http://www.ferryl.com/,info@fujitrading.nl
http://www.ferryl.com/,info@gjertsen.be
http://www.ferryl.com/,info@interface-technologies.com
http://www.ferryl.com/,info@interglobe.com.cy
http://www.ferryl.com/,info@mef.ae
http://www.ferryl.com/,jamal.lamari@sevenseasgroup.com
http://www.ferryl.com/,justanticorrosivevendorsltd@gmail.com
http://www.ferryl.com/,ksc@klevenberg.com
http://www.ferryl.com/,mb@baltic-star.pl
http://www.ferryl.com/,mustafa@saifeeship.com
http://www.ferryl.com/,oceantech-ferryl@ost.gr
http://www.ferryl.com/,oceantech@ost.gr
http://www.ferryl.com/,office@presserv.no
http://www.ferryl.com/,operaciones@amarradores.com
http://www.ferryl.com/,peter.boras@sevenseasgroup.com
http://www.ferryl.com/,riga.trading@baltmarine.eu
http://www.ferryl.com/,ross@berthelot.fr
http://www.ferryl.com/,rotterdam@wrist.com
http://www.ferryl.com/,sales@aeromarineindia.com
http://www.ferryl.com/,sales@ampa.com.my
http://www.ferryl.com/,sales@goldcrest.com.sg
http://www.ferryl.com/,sales@tess-aberdeen.co.uk
http://www.ferryl.com/,sales@vansteen.com
http://www.ferryl.com/,sales@vivar.nl
http://www.ferryl.com/,shipsupply@salvogrima.com.mt
http://www.ferryl.com/,stores@emder.de
http://www.ferryl.com/,supply.portugal@sevenseasgroup.com
http://www.ferryl.com/,support@globalmachinery.net.au
http://www.ferryl.com/,sweise@seldis.de
http://www.ferryl.com/,tko@ms7.hinet.net
http://www.ferryl.com/,trading@baltmarine.eu
http://www.floridaengg.com/,
http://www.floridaengg.com/,florida@vsnl.com
http://www.floridaengg.com/,floridaengg@floridaengg.com
http://www.francescobagliettoefiglio.com/,baglietto@francescobagliettoefiglio.com
http://www.francescobagliettoefiglio.com/,cella@francescobagliettoefiglio.com
http://www.francescobagliettoefiglio.com/,dolce@francescobagliettoefiglio.com
http://www.francescobagliettoefiglio.com/,gavuglio@francescobagliettoefiglio.com
http://www.francescobagliettoefiglio.com/,info@francescobagliettoefiglio.com
http://www.francescobagliettoefiglio.com/,mercanti@francescobagliettoefiglio.com
http://www.fudgemarine.com/,
http://www.fuji-global.com/,
http://www.fuji-global.com/,express@fujiglobal.co.kr
http://www.fuji-global.com/,logistics@fujiglobal.co.kr
http://www.fujifts.com/,
http://www.fujitrading-recruit.com/,recruit@fujitrading.co.jp
http://www.fujitrading.co.jp/,
http://www.fujitrading.co.jp/,supplykb@fujitrading.co.jp
http://www.fujitrading.co.jp/,supplyyh@fujitrading.co.jp
http://www.gamarendsmarine.com/,
http://www.gandarachile.cl/,
http://www.gandarachile.cl/,admin@gandarachile.cl
http://www.garant.eu/,
http://www.garant.eu/,cv@garant.eu
http://www.garant.eu/,cv@garant.lt
http://www.garant.eu/,diving@garant.eu
http://www.garant.eu/,kateriusalonas@garant.eu
http://www.garant.eu/,laspalmas@garant.es
http://www.garant.eu/,marketing@garant.lt
http://www.garant.eu/,office@garant.eu
http://www.garant.eu/,office@garant.lt
http://www.garant.eu/,ops@garant.lt
http://www.garant.eu/,pikasoma@garant.eu
http://www.garant.eu/,safety@garant.eu
http://www.garant.eu/,service@garant.eu
http://www.garant.eu/,supply@garant.eu
http://www.gaylin.com/,
http://www.gaylin.com/,HR@gaylin.com
http://www.gaylin.com/,wendy.armstrong@modulift.com
http://www.gibbons-int.com/,hardware@gibbons-int.com
http://www.gibbons-int.com/,ian.trotter@gibbons-int.com
http://www.gibbons-int.com/,info@gibbons-int.com
http://www.gibbons-int.com/,provisions@gibbons-int.com
http://www.gibbons-int.com/,sales@gibbons-int.com
http://www.gibbons-int.com/,taxfree@gibbons-int.com
http://www.gimsco.net/,
http://www.gimsco.net/,gimsco@emirates.net.ae
http://www.gimsco.net/,zaki.ahmed@gimsco.net
http://www.gold-engine.com/,
http://www.goldenoceanmarine.com/,
http://www.gpierotti.com.br/,
http://www.hairongfa.com/,hairongfa@yahoo.com.cn
http://www.hairongfa.com/,hrf@hairongfa.com
http://www.hammamishipsupply.com/,
http://www.hanil-fuji.com/,
http://www.hanil-fuji.com/,cruise@hanilss.com
http://www.hanil-fuji.com/,energy@hanilss.com
http://www.hanil-fuji.com/,engine@hanilss.com
http://www.hanil-fuji.com/,express@fujiglobal.co.kr
http://www.hanil-fuji.com/,ips@hanilss.com
http://www.hanil-fuji.com/,nbs@hanilss.com
http://www.hanil-fuji.com/,offshore@hanilss.com
http://www.hanil-fuji.com/,shipstore@hanilss.com
http://www.hanil-fuji.com/,spare1@hanilss.com
http://www.hanil-fuji.com/,spare2@hanilss.com
http://www.hanil-fuji.com/,spare3@hanilss.com
http://www.hanil-fuji.com/,spare@hanilss.com
http://www.hanil-fuji.com/,supply1@hanilss.com
http://www.hanil-fuji.com/,supply2@hanilss.com
http://www.hanil-fuji.com/,tech@hanilss.com
http://www.hasimoglu.net/,info@hasimoglu.net
http://www.hisincere.com/,
http://www.iss-shipping.com/,
http://www.iss-shipping.com/,Data.Protection@ISS-Shipping.com
http://www.iss-shipping.com/,data.protection@iss-shipping.com
http://www.itsuk-ltd.com/,mailbox@itsuk-ltd.com
http://www.iydaco.com/,
http://www.j-lauritzen.com/,
http://www.j-lauritzen.com/,LKManila@lauritzenkosan.com
http://www.j-lauritzen.com/,cargo@lauritzenbulkers.com.sg
http://www.j-lauritzen.com/,cha.cph@lauritzenkosan.com
http://www.j-lauritzen.com/,cha.sin@lauritzenkosan.com
http://www.j-lauritzen.com/,chartering@lauritzenbulkers.us
http://www.j-lauritzen.com/,cwg@j-l.com
http://www.j-lauritzen.com/,dor@j-l.com
http://www.j-lauritzen.com/,gasnaval@gasnaval.com
http://www.j-lauritzen.com/,gwi@j-l.com
http://www.j-lauritzen.com/,handycargo@lauritzenbulkers.dk
http://www.j-lauritzen.com/,handyvessels@lauritzenbulkers.dk
http://www.j-lauritzen.com/,info@deforenedesejlskibe.dk
http://www.j-lauritzen.com/,jbo@j-l.com
http://www.j-lauritzen.com/,jso@j-l.com
http://www.j-lauritzen.com/,jun@j-l.com
http://www.j-lauritzen.com/,jwi@j-l.com
http://www.j-lauritzen.com/,legal@j-l.com
http://www.j-lauritzen.com/,thw@j-l.com
http://www.j-lauritzen.com/,tonnage@lauritzenbulkers.com.sg
http://www.jiatongmarine.com/,
http://www.jisinshipping.com/,
http://www.jovyatlas.com/,service.jovyatlas@wartsila.com
http://www.leadermarine.com/,
http://www.leadermarine.com/,euorpe@leadermarine.com
http://www.leadermarine.com/,greece@leadermarine.com
http://www.leadermarine.com/,hongkong@leadermarine.com
http://www.leadermarine.com/,india@leadermarine.com
http://www.leadermarine.com/,info@leadermarine.com
http://www.leadermarine.com/,leader@leadermarine.com.sg
http://www.leadermarine.com/,taiwan@leadermarine.com
http://www.legerogroup.com/,
http://www.legerogroup.com/,airfreight@legerogroup.com
http://www.legerogroup.com/,hamburg@legerogroup.com
http://www.legerogroup.com/,hellas@legerogroup.com
http://www.legerogroup.com/,houston@legerogroup.com
http://www.legerogroup.com/,istanbul@legerogroup.com
http://www.legerogroup.com/,mumbai@legerogroup.com
http://www.legerogroup.com/,offshore@legerogroup.com
http://www.legerogroup.com/,osaka@legerogroup.com
http://www.legerogroup.com/,oslo@legerogroup.com
http://www.legerogroup.com/,rotterdam@legerogroup.com
http://www.legerogroup.com/,seafreight@legerogroup.com
http://www.legerogroup.com/,singapore@legerogroup.com
http://www.lysholdt.dk/,
http://www.lysholdt.dk/,alan@lysholdt.dk
http://www.lysholdt.dk/,cath@lysholdt.dk
http://www.lysholdt.dk/,dsc@lysholdt.dk
http://www.lysholdt.dk/,dsc@schierbeck.com
http://www.lysholdt.dk/,dsc@skawsupply.dk
http://www.lysholdt.dk/,dsc@sojus.dk
http://www.lysholdt.dk/,jala@lysholdt.dk
http://www.lysholdt.dk/,jls@lysholdt.dk
http://www.lysholdt.dk/,job@wrist.com
http://www.lysholdt.dk/,kcja@lysholdt.dk
http://www.lysholdt.dk/,krfl@wrist.com
http://www.lysholdt.dk/,san@lysholdt.dk
http://www.lysholdt.dk/,soh@skawsupply.dk
http://www.lysholdt.dk/,srk@lysholdt.dk
http://www.lysholdt.dk/,tng@lysholdt.dk
http://www.lysholdt.dk/,tode@lysholdt.dk
http://www.mansangco.com/,
http://www.mansangco.com/,gz@mansangco.com
http://www.mansangco.com/,hk@mansangco.com
http://www.mansangco.com/,northchina@mansangco.com
http://www.mansangco.com/,shanghai@mansangco.com
http://www.maressupply.com/,info@maressupply.com
http://www.marichem-marigases.com/,acc@marichem-marigases.com
http://www.marichem-marigases.com/,d@marichem-marigases.com
http://www.marichem-marigases.com/,e@marchem-marigases.com
http://www.marichem-marigases.com/,env@marichem-marigases.com
http://www.marichem-marigases.com/,hr@marichem-marigases.com
http://www.marichem-marigases.com/,info@marichem-marigases.com
http://www.marichem-marigases.com/,it@marichem-marigases.com
http://www.marichem-marigases.com/,m@marichem-marigases.com
http://www.marichem-marigases.com/,op@marichem-marigases.com
http://www.marichem-marigases.com/,qa@marichem-marigases.com
http://www.marichem-marigases.com/,sec@marichem-marigases.com
http://www.marinesupply.co.kr/,
http://www.maritaliagroup.com/,courrier@maritalia.fr
http://www.maritaliagroup.com/,maritalia@maritaliagroup.com
http://www.maritaliagroup.com/,maritaliafret@maritaliagroup.com
http://www.maritaliagroup.com/,shipping@maritaliagroup.com
http://www.meogroup.com/,
http://www.meogroup.com/,aakaar.jain@meogroup.com
http://www.meogroup.com/,chartering@meogroup.com
http://www.meogroup.com/,marketing@meogroup.com
http://www.meogroup.com/,recruitment.sg@meogroup.com
http://www.meogroup.com/,sherif.abdelmonem@meogroup.com
http://www.meogroup.com/,snp@meogroup.com
http://www.meogroup.com/,sokarno.abdallah@meogroup.com
http://www.millenniumarine.com/,
http://www.mo-marine.com/,
http://www.morpul.com/,
http://www.mssltd.uk.com/,
http://www.mssltd.uk.com/,aberdeen@mssltd.uk.com
http://www.mssltd.uk.com/,sales@mssltd.uk.com
http://www.mssltd.uk.com/,scotland@mssltd.uk.com
http://www.nagman.com/,
http://www.nagman.com/,flowcal@nagman.com
http://www.nagman.com/,stephen@nagman.com
http://www.natship.net/,mariaj@natship.net
http://www.natship.net/,webcape@natship.net
http://www.natship.net/,webdbn@natship.net
http://www.natship.net/,webgeneral@natship.net
http://www.natship.net/,webpe@natship.net
http://www.natship.net/,webrb@natship.net
http://www.nc-ss.com/,
http://www.nekoship.nl/,
http://www.nekoship.nl/,it-department@nekoship.nl
http://www.nekoship.nl/,supply@nekoship.nl
http://www.neptunegroup.it/,
http://www.neptunegroup.it/,accounting@neptune.it
http://www.neptunegroup.it/,alberto.rossi@neptune.it
http://www.neptunegroup.it/,commercial@neptune.it
http://www.neptunegroup.it/,enrico.amadei@neptune.it
http://www.neptunegroup.it/,enzo.giovannini@neptune.it
http://www.neptunegroup.it/,info@neptune.it
http://www.neptunegroup.it/,info@neptunegroup.it
http://www.neptunegroup.it/,simone.montesi@neptune.it
http://www.neptunegroup.it/,sonia.mosciatti@neptune.it
http://www.neptunegroup.it/,tiziano.morelli@neptune.it
http://www.nordsee.cc/,
http://www.oceanave.com.br/,
http://www.oilmist.com/,
http://www.oilmist.com/,aarti@oilmist.com
http://www.oilmist.com/,atlantis@atlantisfiresafety.com
http://www.oilmist.com/,bentang@dicksonship.com.hk
http://www.oilmist.com/,denmark@marcomarine.com
http://www.oilmist.com/,harvey@oilmist.com
http://www.oilmist.com/,info@gms-instruments.be
http://www.oilmist.com/,info@gms-instruments.nl
http://www.oilmist.com/,info@icimarine.com
http://www.oilmist.com/,info@marshalintl.com.ng
http://www.oilmist.com/,info@transmareltd.com
http://www.oilmist.com/,irm@irmdiesel.fr
http://www.oilmist.com/,jackding@dicksonship.com.hk
http://www.oilmist.com/,josh@oilmist.com
http://www.oilmist.com/,kay.paschen@txmarine.com
http://www.oilmist.com/,kookies@tee.gr
http://www.oilmist.com/,m.ajini@mieserv.cy.net
http://www.oilmist.com/,mbrecker@icimarine.com
http://www.oilmist.com/,nassm@mieserv.cy.net
http://www.oilmist.com/,orientmarine@hcm.fpt.vn
http://www.oilmist.com/,p.peyiotis@mieserv.cy.net
http://www.oilmist.com/,qmi@oilmist.com
http://www.oilmist.com/,sales@aeromarineindia.com
http://www.oilmist.com/,sales@atlasmarine.sg
http://www.oilmist.com/,sales@helexco.eu
http://www.oilmist.com/,sales@iljinmaritas.co.kr
http://www.oilmist.com/,sales@marshalintl.com.ng
http://www.oilmist.com/,sburchett@jastram.com
http://www.oilmist.com/,signalco@speedy.com.ar
http://www.oilmist.com/,tbkonsult@comhem.se
http://www.oilmist.com/,yamamoto@harris-pye.co.jp
http://www.ozgenshipsupply.com/,info@ozgenshipsupply.com
http://www.promarine-hamburg.de/,
http://www.promarine-hamburg.de/,adm@promarine-hamburg.de
http://www.promarine-hamburg.de/,cazzanelli@promarine-hamburg.de
http://www.promarine-hamburg.de/,hemke@promarine-hamburg.de
http://www.promarine-hamburg.de/,info@promarine-hamburg.de
http://www.promarine-hamburg.de/,mody@promarine-hamburg.de
http://www.promarine-hamburg.de/,sales@promarine-hamburg.de
http://www.promarine-hamburg.de/,schmidtchen@promarine-hamburg.de
http://www.provimex.com.uy/,administracion@provimex.com.uy
http://www.provimex.com.uy/,dregusci@provimex.com.uy
http://www.provimex.com.uy/,mregusci@provimex.com.uy
http://www.provimex.com.uy/,spereira@provimex.com.uy
http://www.provimex.com.uy/,ventas@provimex.com.uy
http://www.redoxchemi.com/,general@redox.com.sg
http://www.rigtoolsintl.com/,
http://www.rigtoolsintl.com/,jdf@rigtoolsintl.com
http://www.rigtoolsintl.com/,sales@rigtoolsintl.com
http://www.rmsmarineservice.com/,
http://www.rmsmarineservice.com/,ace@rmsmarineservice.kr
http://www.rmsmarineservice.com/,cruise@rmsmarineservice.kr
http://www.rmsmarineservice.com/,cruise@rmsmarineservice.sg
http://www.rmsmarineservice.com/,customer@rmsmarineservice.com
http://www.rmsmarineservice.com/,food@rmsmarineservice.kr
http://www.rmsmarineservice.com/,food@rmsmarineservice.sg
http://www.rmsmarineservice.com/,gsc@rmsmarineservice.com
http://www.rmsmarineservice.com/,logistics@rmsmarineservice.kr
http://www.rmsmarineservice.com/,logistics@rmsmarineservice.sg
http://www.rmsmarineservice.com/,offshore@rmsmarineservice.kr
http://www.rmsmarineservice.com/,offshore@rmsmarineservice.sg
http://www.rmsmarineservice.com/,singapore@rmsmarineservice.sg
http://www.rmsmarineservice.com/,spare@rmsmarineservice.kr
http://www.rmsmarineservice.com/,spare@rmsmarineservice.sg
http://www.rmsmarineservice.com/,technical@rmsmarineservice.kr
http://www.rmsmarineservice.com/,technical@rmsmarineservice.sg
http://www.roamingexpert.com/,
http://www.roamingexpert.com/,enquiry@roamingexpert.com
http://www.ropes-tech.com/,
http://www.ropes-tech.com/,sales@ropestech.com.sg
http://www.rs-components.com/,
http://www.rs-components.com/,export.sa@rs-components.com
http://www.saemah.com/,saemah@saemah.com
http://www.saifeeship.com/,
http://www.saifeeship.com/,careers@saifeeship.com
http://www.saifeeship.com/,saifee@saifeeship.com
http://www.samsonrope.com/,MartinezL@adr.org
http://www.samsonrope.com/,custserv@samsonrope.com
http://www.samsonrope.com/,dwatt@samsonrope.com
http://www.samsonrope.com/,gmcwilliams@samsonrope.com
http://www.samsonrope.com/,overheardonline@samsonrope.com
http://www.samsonrope.com/,pboteler@samsonrope.com
http://www.samsonrope.com/,rcollett@samsonrope.com
http://www.scotgrip.com/,
http://www.scotgrip.com/,info@scotgrip.com
http://www.scotgrip.com/,post@industrivern.no
http://www.scotgrip.com/,sales@scotgrip.com
http://www.seatrans.no/,mail@seatrans.no
http://www.seaway.nl/,info@seaway.nl
http://www.sf-goc.com/,enquiry@sf-goc.com
http://www.shadcomarine.com/,
http://www.shadcomarine.com/,agency@shadcomarine.com
http://www.shadcomarine.com/,bunker@shadcomarine.com
http://www.shadcomarine.com/,shadcoship@menanet.net
http://www.shadcomarine.com/,spares.parcels@shadcomarine.com
http://www.shadcomarine.com/,supply@shadcomarine.com
http://www.shinkohir.co.jp/,
http://www.silvana-marine.com/,webmaster@silvana-marine.com
http://www.simseklerltd.com.tr/,
http://www.spesudan.com/,
http://www.spitmaan.com/,
http://www.sumanorte.es/,
http://www.sumanorte.es/,lopd@sumanorte.es
http://www.sumanorte.es/,sumanorte@sumanorte.es
http://www.tangosupplier.com.ar/,info@tangosupplier.com.ar
http://www.tangosupplier.com.ar/,technician@tangosupplier.com.ar
http://www.tasshipping.com.au/,
http://www.tasshipping.com.au/,sales@tasshipping.com.au
http://www.tehoropes.com.sg/,
http://www.temaro.com/,
http://www.thome.com.sg/,
http://www.thome.com.sg/,Business.Development@thome.com.sg
http://www.thome.com.sg/,Recruit@thome.com.sg
http://www.thome.com.sg/,australia@thome.com.sg
http://www.thome.com.sg/,china@thome.com.sg
http://www.thome.com.sg/,corporate.communications@thome.com.sg
http://www.thome.com.sg/,croatia@thome.com.sg
http://www.thome.com.sg/,denmark@thomegroup.com
http://www.thome.com.sg/,egypt@thome.com.sg
http://www.thome.com.sg/,incident@thome.com.sg
http://www.thome.com.sg/,india@thome.com.sg
http://www.thome.com.sg/,indonesia@timur.com.sg
http://www.thome.com.sg/,information@elabor8.co.uk
http://www.thome.com.sg/,myanmar@thome.com.sg
http://www.thome.com.sg/,norway@thome.com.sg
http://www.thome.com.sg/,office@thome.com.sg
http://www.thome.com.sg/,philippines@thome.com.sg
http://www.thome.com.sg/,training@thome.com.sg
http://www.tradenetinvestment.com/,
http://www.transamerica.com.uy/,
http://www.tufropes.com/,
http://www.tufropes.com/,careers@tufropes.com
http://www.umamarine.com/,Technicaldept@umamarine.com
http://www.umamarine.com/,bunker@umamarine.com
http://www.umamarine.com/,greece@umamarine.com
http://www.umamarine.com/,info@umamarine.com
http://www.umamarine.com/,mahesh@umamarine.com
http://www.umamarine.com/,mengasia@umamarine.com
http://www.umamarine.com/,mumbai@umamarine.com
http://www.umamarine.com/,safetyservices@umamarine.com
http://www.umamarine.com/,singapore@umamarine.com
http://www.umamarine.com/,supplydept@umamarine.com
http://www.umamarine.com/,vizag@umamarine.com
http://www.uni-tankers.dk/,
http://www.unitedmarine.in/,
http://www.unitedmarine.in/,info@unitedmarine.in
http://www.unitedmarine.in/,murali@unitedmarine.in
http://www.unitedmarine.in/,ops@unitedmarine.in
http://www.universky.net/,
http://www.vinmarine.com/,labuan@vinmarine.my
http://www.vinmarine.com/,sales@vinmarine.my
http://www.vinmarine.com/,vietnam@vinmarine.com
http://www.wartsilareports.com/,
http://www.yihaimarine.com/,
https://ayogif.com/,
https://consumer.airstatement.com/,
https://craig-international.com/,bruce.cormie@craig-group.com
https://craig-international.com/,jill.macdonald@craig-group.com
https://craig-international.com/,steve.gibson@craig-group.com
https://craig-international.com/,steve.mchardy@craig-group.com
https://craig-international.com/,steven.craig@craig-group.com
https://dam.wartsila.com/,
https://diversey.wd5.myworkdayjobs.com/,
https://ebuy.craig-international.com/,cis.houston@craig-group.com
https://ebuy.craig-international.com/,cis.southafrica@craig-group.com
https://ebuy.craig-international.com/,cis@craig-group.com
https://ebuy.craig-international.com/,ciscanada@craig-group.com
https://ebuy.craig-international.com/,cisgermany@craig-group.com
https://ebuy.craig-international.com/,steve.gibson@craig-group.com
https://fitatsea.com/,info@fitatsea.com
https://fitatsea.com/,info@fitatsea.com.sg
https://greenspower.co.uk/,
https://greenspower.co.uk/,CourteneyPyne@greenspower.co.uk
https://greenspower.co.uk/,chriswright@greenspower.co.uk
https://greenspower.co.uk/,emilia@greenspower.co.uk
https://greenspower.co.uk/,juliebaxter@greenspower.co.uk
https://greenspower.co.uk/,melissahealy@greenspower.co.uk
https://greenspower.co.uk/,mikecotton@greenspower.co.uk
https://greenspower.co.uk/,mikeford@greenspower.co.uk
https://greenspower.co.uk/,neilford@greenspower.co.uk
https://greenspower.co.uk/,opportunities@greenspower.co.uk
https://greenspower.co.uk/,peterkarpiuk@greenspower.co.uk
https://greenspower.co.uk/,roberthartley@greenspower.co.uk
https://greenspower.co.uk/,sales@greenspower.co.uk
https://greenspower.co.uk/,spares@greenspower.co.uk
https://greenspower.co.uk/,tomasz@greenspower.co.uk
https://gsl-rtm.nl/,fred@gsl-rtm.nl
https://gsl-rtm.nl/,ops@gsl-rtm.nl
https://home.faisal-higgi.com/,
https://imatech.nl/,info@imatech.nl
https://klaveness.com/,
http://www.wideworldspt.com/,
http://www.xmshipsupplier.com/,
https://klaveness.com/,KlavenessPrivacy@klaveness.com
https://klaveness.com/,ML_TAC_KSS@klaveness.com
https://klaveness.com/,PURCHASING@klaveness.com
https://klaveness.com/,accounting@klaveness.com
https://klaveness.com/,admin-mnl@klaveness.com
https://klaveness.com/,administration@klaveness.com
https://klaveness.com/,ae@klaveness.com
https://klaveness.com/,als@klaveness.com
https://klaveness.com/,atr@klaveness.com
https://klaveness.com/,bha@klaveness.com
https://klaveness.com/,bma@klaveness.com
https://klaveness.com/,bunkers@klaveness.com
https://klaveness.com/,cabu@klaveness.com
https://klaveness.com/,cbs@klaveness.com
https://klaveness.com/,chb@klaveness.com
https://klaveness.com/,cleanbu@klaveness.com
https://klaveness.com/,commercial@klaveness.com
https://klaveness.com/,conops@klaveness.com
https://klaveness.com/,crewing@klaveness.com
https://klaveness.com/,eda@klaveness.com
https://klaveness.com/,finance@klaveness.com
https://klaveness.com/,hpo@klaveness.com
https://klaveness.com/,insurance@klaveness.com
https://klaveness.com/,itsa@klaveness.com
https://klaveness.com/,jer@klaveness.com
https://klaveness.com/,jfa@klaveness.com
https://klaveness.com/,jkv@klaveness.com
https://klaveness.com/,legal@klaveness.com
https://klaveness.com/,lel@klaveness.com
https://klaveness.com/,lkg@klaveness.com
https://klaveness.com/,lte@klaveness.com
https://klaveness.com/,midoffice@klaveness.com
https://klaveness.com/,msc@klaveness.com
https://klaveness.com/,msk@klaveness.com
https://klaveness.com/,mzh@klaveness.com
https://klaveness.com/,oem@klaveness.com
https://klaveness.com/,office@barklav.ro
https://klaveness.com/,operations@klaveness.com
https://klaveness.com/,pbk@klaveness.com
https://klaveness.com/,pel@klaveness.com
https://klaveness.com/,pmax@klaveness.com
https://klaveness.com/,pol@klaveness.com
https://klaveness.com/,purchasing@klaveness.com
https://klaveness.com/,qa@klaveness.com
https://klaveness.com/,sbl@klaveness.com
https://klaveness.com/,sga@klaveness.com
https://klaveness.com/,shipmgmt@klaveness.com
https://klaveness.com/,smax@klaveness.com
https://klaveness.com/,sse@klaveness.com
https://klaveness.com/,tax@klaveness.com
https://klaveness.com/,tei@klaveness.com
https://klaveness.com/,tr@klaveness.com
https://maritimeprogress.com/,
https://maritimeprogress.com/,info@maritimeprogress.com
https://nds-marine.com/,info@nds-marine.com
https://new.abb.com/,
https://new.abb.com/,turbo@au.abb.com
https://new.abb.com/,turbo@id.abb.com
https://pages.wartsila.digital/,
https://rustibus.com/,antwerp@rustibus.com
https://rustibus.com/,bergen@rustibus.com
https://rustibus.com/,houston@rustibus.com
https://rustibus.com/,sales@rustibus.com
https://rustibus.com/,singapore@rustibus.com
https://seaforthmarine.co.uk/,
https://sealogic.nl/,
https://sealogic.nl/,groningen@sealogic.nl
https://sealogic.nl/,ops@sealogic.nl
https://shipsupply.webs.com/,
https://skatool.com/,sales@skatool.com
https://transmarine.dk/,
https://transmarine.dk/,amarant.transmarine@gtships.com
https://transmarine.dk/,amber.transmarine@gtships.com
https://tsi.eu.com/,
https://tsi.eu.com/,Sales@tsi.eu.com
https://tsi.eu.com/,Service@tsi.eu.com
https://tsi.eu.com/,sales@tsi.eu.com
https://tsi.eu.com/,service@tsi.eu.com
https://wecotankers.com/,
https://wecotankers.com/,swk@wecoshipping.com
https://wml.no/,
https://wml.no/,accounting@wml.no
https://wml.no/,denise@wml.no
https://wml.no/,fokko@wml.no
https://wml.no/,guillermo@wml.no
https://wml.no/,gunn@wml.no
https://wml.no/,helen@wml.no
https://wml.no/,mariska@wml.no
https://wml.no/,mona@wml.no
https://wml.no/,morten@wml.no
https://wml.no/,nathalie@wml.no
https://wml.no/,osl@wml.no
https://wml.no/,rtm@wml.no
https://wml.no/,sander@wml.no
https://wml.no/,satroepa@wml.no
https://wml.no/,simen.sjavik@wml.no
https://wml.no/,sverre@wml.no
https://wml.no/,tone@wml.no
https://www.Holger-Clasen.de/,info@Holger-Clasen.de
https://www.airia-msia.com/,airia@airia.com.my
https://www.alfalaval.com/,
https://www.alfalaval.com/,PureSOx@alfalaval.com
https://www.alfalaval.com/,alfa.laval@alfalaval.com
https://www.alfalaval.com/,anders.lyhne@alfalaval.com
https://www.alfalaval.com/,chantra.trithara@alfalaval.com
https://www.alfalaval.com/,eBusiness@alfalaval.com
https://www.alfalaval.com/,gabriella.grotte@alfalaval.com
https://www.alfalaval.com/,peter.torstensson@alfalaval.com
https://www.bayport.eu/,
https://www.bayport.eu/,accounts@bayport.eu
https://www.bayport.eu/,daniel.spikes@bayport.eu
https://www.bayport.eu/,eugenio@bayport.eu
https://www.bayport.eu/,jesus.barba@bayport.eu
https://www.bayport.eu/,jose@bayport.eu
https://www.bayport.eu/,logistics@bayport.eu
https://www.bayport.eu/,mac@bayport.eu
https://www.bayport.eu/,navy1@bayport.eu
https://www.bayport.eu/,navy@bayport.eu
https://www.bayport.eu/,rafael@bayport.eu
https://www.bayport.eu/,spain@bayport.eu
https://www.bayport.eu/,technical1@bayport.eu
https://www.bayport.eu/,technical5@bayport.eu
https://www.bayport.eu/,technical@bayport.eu
https://www.bp.com/,
https://www.bp.com/,BPInvestorRelationsN@bp.com
https://www.bp.com/,BPReports@issuerdirect.com
https://www.bp.com/,EOR@bp.com
https://www.bp.com/,bparchive@bp.com
https://www.bp.com/,bpdistributionservices@bp.com
https://www.bp.com/,bppress@bp.com
https://www.bp.com/,ir@bp.com
https://www.bp.com/,mybpshares@linkgroup.co.uk
https://www.bp.com/,shareholderresolutions@bp.com
https://www.bp.com/,shareholderuk@bp.com
https://www.bp.com/,sr@bp.com
https://www.bp.com/,sri@bp.com
https://www.bp.com/,stephen.christie@uk.bp.com
https://www.bp.com/,support@platts.com
https://www.bp.com/,uspress@bp.com
https://www.butterworth.com/,
https://www.castlepumps.com/,sales@castlepumps.com
https://www.certex.dk/,info@certex.dk
https://www.chartco.com/,
https://www.chemomarine.com/,accounting@chemomarine.com
https://www.chemomarine.com/,al@chemomarine.com
https://www.chemomarine.com/,equipment@chemomarine.com
https://www.chemomarine.com/,eva@chemomarine.com
https://www.chemomarine.com/,exports@chemomarine.com
https://www.chemomarine.com/,info@chemomarine.com
https://www.chemomarine.com/,iv@chemomarine.com
https://www.chemomarine.com/,ks@chemomarine.com
https://www.chemomarine.com/,la@chemomarine.com
https://www.chemomarine.com/,mp@chemomarine.com
https://www.chemomarine.com/,mt@chemomarine.com
https://www.chemomarine.com/,nd@chemomarine.com
https://www.chemomarine.com/,nk@chemomarine.com
https://www.chemomarine.com/,phoebe@chemomarine.com
https://www.chemomarine.com/,production@chemomarine.com
https://www.chemomarine.com/,pv@chemomarine.com
https://www.chemomarine.com/,sa@chemomarine.com
https://www.chemomarine.com/,sales@chemomarine.com
https://www.chemomarine.com/,technical@chemomarine.com
https://www.chiefmar.com/,info@chiefmar.com
https://www.colorline.no/,
https://www.colorline.no/,gruppe.oslo@colorline.no
https://www.comtecint.dk/,
https://www.comtecint.dk/,cass@comtecint.co.uk
https://www.comtecint.dk/,chs@comtecint.dk
https://www.comtecint.dk/,erik@comtecint.dk
https://www.comtecint.dk/,gds@comtecint.dk
https://www.comtecint.dk/,gitte@comtecint.dk
https://www.comtecint.dk/,gle@comtecint.dk
https://www.comtecint.dk/,hanne@comtecint.dk
https://www.comtecint.dk/,hr@comtecint.dk
https://www.comtecint.dk/,jan@comtecint.dk
https://www.comtecint.dk/,jens@comtecint.dk
https://www.comtecint.dk/,jette.andersen@carlbacks.dk
https://www.comtecint.dk/,jon@comtecint.co.uk
https://www.comtecint.dk/,kaj@comtecint.dk
https://www.comtecint.dk/,kent@comtecint.dk
https://www.comtecint.dk/,kenwyn@comtecint.dk
https://www.comtecint.dk/,kristine.work.hansen@carlbacks.dk
https://www.comtecint.dk/,lene.skjaerbaek@carlbacks.dk
https://www.comtecint.dk/,louis@carlbacks.dk
https://www.comtecint.dk/,majse@comtecint.dk
https://www.comtecint.dk/,mbn@comtecint.dk
https://www.comtecint.dk/,mette.hvirring@comtecint.dk
https://www.comtecint.dk/,mn@carlbacks.dk
https://www.comtecint.dk/,morten@comtecint.dk
https://www.comtecint.dk/,nikolaj@comtecint.dk
https://www.comtecint.dk/,ole@comtecint.dk
https://www.comtecint.dk/,patrick@comtecint.dk
https://www.comtecint.dk/,ronnie@comtecint.dk
https://www.comtecint.dk/,sarah@comtecint.co.uk
https://www.comtecint.dk/,stefan@comtecint.dk
https://www.comtecint.dk/,trine.voss@carlbacks.dk
https://www.comtecint.dk/,vivi@comtecint.dk
https://www.comtecint.dk/,weronica@comtecint.dk
https://www.dfds.com/,
https://www.dfds.com/,gert.jakobsen@dfds.com
https://www.diversey.com/,
https://www.diversey.com/,Rafael.Echevarria@diversey.com
https://www.diversey.com/,auditcommittee@diversey.com
https://www.diversey.com/,ilham.kadri@diversey.com
https://www.diversey.com/,investorrelations@diversey.com
https://www.donship.com.ph/,
https://www.dsmcorridor.com/,career@dsmcorridor.co.tz
https://www.dsmcorridor.com/,dcg@dsmcorridor.co.tz
https://www.eazychem.co.uk/,
https://www.eletson.com/,
https://www.eniram.fi/,info@eniram.fi
https://www.european-diesels.co.uk/,info@european-diesels.co.uk
https://www.fedimmarine.com/,
https://www.fendercare.com/,
https://www.fendercare.com/,fc-australia@fendercare.com
https://www.fendercare.com/,fc-brazil@fendercare.com
https://www.fendercare.com/,fc-me@fendercare.com
https://www.fendercare.com/,fcm-ap@fendercare.com
https://www.fendercare.com/,fcmg@fendercare.com
https://www.fendercare.com/,fcn@fendercare.com
https://www.fendercare.com/,fcnsts@fendercare.com
https://www.fendercare.com/,help@james-fisher.com
https://www.fendercare.com/,india@fendercare.com
https://www.fendercare.com/,lng@fendercare.com
https://www.fendercare.com/,sales@blastgreen.com
https://www.fendercare.com/,sales@fendercare.com
https://www.fendercare.com/,sts-ap@fendercare.com
https://www.fendercare.com/,sts@fendercare.com
https://www.firstchoicemarinesupply.com/,
https://www.firstchoicemarinesupply.com/,Sales@FirstChoiceMarineSupply.com
https://www.firstchoicemarinesupply.com/,tcastillo@firstchoicemarinesupply.com
https://www.garrets.com/,
https://www.garrets.com/,job@garrets.com
https://www.garrets.com/,krfl@wrist.com
https://www.gmsupplies.it/,
https://www.gmsupplies.it/,rleone@gmsupplies.it
https://www.goltens.com/,
https://www.griegstar.com/,
https://www.griegstar.com/,green@grieggreen.com
https://www.griegstar.com/,info@sqterminals.com
https://www.griegstar.com/,operation@grieg.ph
https://www.griegstar.com/,post@griegstar.com
https://www.griegstar.com/,sveinung.tvedt@griegstar.com
https://www.ilsmart.com/,
https://www.ilsmart.com/,hr@ILSmart.com
https://www.insarg.com/,
https://www.jotun.com/,
https://www.jrshipping.com/,chartering@confeeder.com
https://www.jrshipping.com/,communications@jrshipping.com
https://www.jrshipping.com/,dkuiper@jrshipbrokers.com
https://www.jrshipping.com/,info@jrshipping.com
https://www.jrshipping.com/,info@seazip.com
https://www.jrshipping.com/,investors@jrshipping.nl
https://www.jrshipping.com/,jobs@jrshipcrew.com
https://www.jrshipping.com/,management@jrshipping.com
https://www.klevenberg.com/,aharteveld@klevenberg.com
https://www.klevenberg.com/,alokker@klevenberg.com
https://www.klevenberg.com/,cmaat@klevenberg.com
https://www.klevenberg.com/,cquiroga@klevenberg.com
https://www.klevenberg.com/,cvandermeer@klevenberg.com
https://www.klevenberg.com/,cvantienoven@klevenberg.com
https://www.klevenberg.com/,dcupido@klevenberg.com
https://www.klevenberg.com/,dkarreman@klevenberg.com
https://www.klevenberg.com/,ekroken@klevenberg.com
https://www.klevenberg.com/,estouthandel@klevenberg.com
https://www.klevenberg.com/,evangelder@klevenberg.com
https://www.klevenberg.com/,evangoch@klevenberg.com
https://www.klevenberg.com/,evangrevenbroek@klevenberg.com
https://www.klevenberg.com/,ewestveer@klevenberg.com
https://www.klevenberg.com/,hkarasahin@klevenberg.com
https://www.klevenberg.com/,hkobayashi@klevenberg.com
https://www.klevenberg.com/,hkorner@klevenberg.com
https://www.klevenberg.com/,jkrijgsman@klevenberg.com
https://www.klevenberg.com/,jmaschke@klevenberg.com
https://www.klevenberg.com/,jpen@klevenberg.com
https://www.klevenberg.com/,jstuip@klevenberg.com
https://www.klevenberg.com/,ksc@klevenberg.com
https://www.klevenberg.com/,ldeneef@klevenberg.com
https://www.klevenberg.com/,mbahadoer@klevenberg.com
https://www.klevenberg.com/,mcasanova@klevenberg.com
https://www.klevenberg.com/,mmes@klevenberg.com
https://www.klevenberg.com/,mtromper@klevenberg.com
https://www.klevenberg.com/,nvandaele@klevenberg.com
https://www.klevenberg.com/,pdehaas@klevenberg.com
https://www.klevenberg.com/,pghita@klevenberg.com
https://www.klevenberg.com/,rdewinter@klevenberg.com
https://www.klevenberg.com/,rhartkamp@klevenberg.com
https://www.klevenberg.com/,rluijkenaar@klevenberg.com
https://www.klevenberg.com/,rrijsdijk@klevenberg.com
https://www.klevenberg.com/,rvanderroer@klevenberg.com
https://www.klevenberg.com/,rvansplunter@klevenberg.com
https://www.klevenberg.com/,sboden@klevenberg.com
https://www.klevenberg.com/,sdelobel@klevenberg.com
https://www.klevenberg.com/,sdijksman@klevenberg.com
https://www.klevenberg.com/,svandenboogert@klevenberg.com
https://www.klevenberg.com/,svoormolen@klevenberg.com
https://www.klevenberg.com/,tthooft@klevenberg.com
https://www.klevenberg.com/,usa@klevenberg.com
https://www.klevenberg.com/,wju@klevenberg.com
https://www.klevenberg.com/,wkanters@klevenberg.com
https://www.knudsensuppliersportugal.com/,
https://www.lagaay.com/,
https://www.logimatic.com/,hans.jensen@logimatic.com
https://www.logimatic.com/,karsten.bangshaab@logimatic.com
https://www.logimatic.com/,kbo@logimatic.com
https://www.logimatic.com/,lars.riisberg@logimatic.com
https://www.logimatic.com/,lfp@logimatic.dk
https://www.logimatic.com/,lmc@logimatic.com
https://www.logimatic.com/,michael.paarup@logimatic.com
https://www.logimatic.com/,morten.holmsberg@logimatic.com
https://www.logimatic.com/,niels.have@logimatic.com
https://www.logimatic.com/,ole.tougaard@logimatic.com
https://www.logimatic.com/,per.ghodt@logimatic.com
https://www.logimatic.com/,sertica@logimatic.com
https://www.logimatic.com/,troels.severinsen@logimatic.com
https://www.logimatic.dk/,lmc@logimatic.com
https://www.macgregor.com/,
https://www.macgregor.com/,communications@macgregor.com
https://www.macgregor.com/,pasi.lehtonen@macgregor.com
https://www.macgregor.com/,privacy@cargotec.com
https://www.macgregor.com/,robin.thuillier@macgregor.com
https://www.mares.de/,abdelchami@live.fr
https://www.mares.de/,ar@mares.de
https://www.mares.de/,bu@mares.de
https://www.mares.de/,cb@mares.de
https://www.mares.de/,cc@mares.de
https://www.mares.de/,dw@mares.de
https://www.mares.de/,gl@mares.de
https://www.mares.de/,go@mares.de
https://www.mares.de/,info@mares.de
https://www.mares.de/,jg@mares.de
https://www.mares.de/,jointeuroasia@singnet.com.sg
https://www.mares.de/,ju@mares.de
https://www.mares.de/,kr@mares.de
https://www.mares.de/,lb@mares.de
https://www.mares.de/,lidotech76@gmail.com
https://www.mares.de/,ml@mares.de
https://www.mares.de/,ointeuroasia@singnet.com.sg
https://www.mares.de/,pa@mares.de
https://www.mares.de/,sales@mares.de
https://www.mares.de/,sz@mares.de
https://www.maritimess.com.br/,aracaju@maritimess.com.br
https://www.maritimess.com.br/,maritimess@maritimess.com.br
https://www.maritimess.com.br/,recife@maritimess.com.br
https://www.nakilat.com/,
https://www.nakilat.com/,easydividend@qnb.com
https://www.nbs-maritime.com/,info@nbs-maritime.com
https://www.nbs-maritime.com/,supply.nl@nbs-maritime.com
https://www.nbs-maritime.com/,supply.ro@nbs-maritime.com
https://www.nbs-maritime.com/,supply.tr@nbs-supply.com
https://www.nobumarine.com/,
https://www.oedurant.com/,
https://www.oldendorff.com/,
https://www.oldendorff.com/,salvage@oldendorff.com
https://www.osm.no/,
https://www.osm.no/,cruise.passenger@osm.no
https://www.papadopoulos-sa.com/,info@papadopoulos-sa.com
https://www.papadopoulos-sa.com/,thes@papadopoulos-sa.com
https://www.ppgpmc.com/,
https://www.reedereitriton.de/,
https://www.reedereitriton.de/,crewing@seatrade.nl
https://www.reedereitriton.de/,i.klampfl@reedereitriton.de
https://www.reedereitriton.de/,personnel@seatrade.nl
https://www.rm-electrical.com/,Beata.szklarska@rm-electrical.com
https://www.rm-electrical.com/,aberdeen@rm-electrical.com
https://www.rm-electrical.com/,accounts@rm-electrical.com
https://www.rm-electrical.com/,andrew.chandler@rm-electrical.com
https://www.rm-electrical.com/,andy.baggott@rm-electrical.com
https://www.rm-electrical.com/,assembly@rm-electrical.com
https://www.rm-electrical.com/,atyrau@rm-electrical.com
https://www.rm-electrical.com/,baku@rm-electrical.com
https://www.rm-electrical.com/,brian.robinson@rm-electrical.com
https://www.rm-electrical.com/,cable@rm-electrical.com
https://www.rm-electrical.com/,cables@rm-electrical.com
https://www.rm-electrical.com/,d.adib@sniraq.com
https://www.rm-electrical.com/,david.robinson@rm-electrical.com
https://www.rm-electrical.com/,exports@rm-electrical.com
https://www.rm-electrical.com/,fixings@rm-electrical.com
https://www.rm-electrical.com/,info@rm-electrical.com
https://www.rm-electrical.com/,info@sniraq.com
https://www.rm-electrical.com/,lighting@rm-electrical.com
https://www.rm-electrical.com/,lumen@rm-electrical.com
https://www.rm-electrical.com/,marinedivision@rm-electrical.com
https://www.rm-electrical.com/,marketing@rm-electrical.com
https://www.rm-electrical.com/,neyland@rm-electrical.com
https://www.rm-electrical.com/,oxford@rm-electrical.com
https://www.rm-electrical.com/,projects@rm-electrical.com
https://www.rm-electrical.com/,richard.sherin@rm-electrical.com
https://www.rm-electrical.com/,sales.uae@rm-electrical.com
https://www.rm-electrical.com/,sales@wholesaleelectric.asia
https://www.rm-electrical.com/,shiju.punnoose@rm-electrical.com
https://www.rm-electrical.com/,southampton@rm-electrical.com
https://www.rm-electrical.com/,swansea@rm-electrical.com
https://www.rm-electrical.com/,tim.coomer@rm-electrical.com
https://www.rm-electrical.com/,william.crook@rm-electrical.com
https://www.rm-wholesale.com/,info@sniraq.com
https://www.saacke.com/,info@saacke.com
https://www.saacke.com/,service-industrial@saacke.com
https://www.saacke.com/,service-marine@saacke.com
https://www.saacke.com/,spares-industrial@saacke.com
https://www.saacke.com/,spares-marine@saacke.com
https://www.scandiagear.com/,
https://www.scandiagear.com/,info@scandiagear.com
https://www.scandiagear.com/,support@scandiagear.com
https://www.sea20.org/,
https://www.sealanes.com.au/,
https://www.sealanes.com.au/,acctpay@sealanes.com.au
https://www.sealanes.com.au/,acctrec@sealanes.com.au
https://www.sealanes.com.au/,deanz@sealanes.com.au
https://www.sealanes.com.au/,foodservice@sealanes.com.au
https://www.sealanes.com.au/,glenm@sealanes.com.au
https://www.sealanes.com.au/,info@sealanes.com.au
https://www.sealanes.com.au/,sea@sealanes.com.au
https://www.sealanes.com.au/,sealanes@ka.sealanes.com.au
https://www.shipserv.com/,
https://www.shipserv.com/,support@shipserv.com
https://www.skvgroup.es/,skv@skvbermeo.com
https://www.skvgroup.es/,spares@skvuk.com
https://www.smartpowergeneration.com/,
https://www.teekay.com/,
https://www.teekay.com/,Australia.recruitment@Teekay.com
https://www.teekay.com/,Conventionalrecruit.ph@teekay.com
https://www.teekay.com/,Conventionalrecruit.sg@teekay.com
https://www.teekay.com/,FSOrecruitment.manila@teekay.com
https://www.teekay.com/,Fernanda.Mangabeira@teekay.com
https://www.teekay.com/,Fotis.Giannakoulis@morganstanley.com
https://www.teekay.com/,LNGrecruitment.glasgow@teekay.com
https://www.teekay.com/,LNGrecruitment.manila@teekay.com
https://www.teekay.com/,LNGrecruitment.mumbai@teekay.com
https://www.teekay.com/,OfficeIndia@teekay.com
https://www.teekay.com/,Rick.Cave@teekay.com
https://www.teekay.com/,Sharon.Russell@teekay.com
https://www.teekay.com/,Tatiana.Bregalda@teekay.com
https://www.teekay.com/,Torbjorg.Undem@teekay.com
https://www.teekay.com/,Trine.Oaland@teekay.com
https://www.teekay.com/,amit.mehrotra@db.com
https://www.teekay.com/,billsuelawes@talk21.com
https://www.teekay.com/,brandon.oglenski@barclays.com
https://www.teekay.com/,bred@danskebank.com
https://www.teekay.com/,crewing@as-tech.pl
https://www.teekay.com/,darren.horowitz@raymondjames.com
https://www.teekay.com/,dmavrinac@jefferies.com
https://www.teekay.com/,e.fjermestad@fearnleys.no
https://www.teekay.com/,faisel.khan@citi.com
https://www.teekay.com/,investor.relations@teekay.com
https://www.teekay.com/,jonathan.chappell@evercoreisi.com
https://www.teekay.com/,ken.hoexter@baml.com
https://www.teekay.com/,marinehr@as-tech.pl
https://www.teekay.com/,media@teekay.com
https://www.teekay.com/,mfyhr@seaportglobal.com
https://www.teekay.com/,michael.webber@wellsfargo.com
https://www.teekay.com/,nicolay.dyvik@dnb.no
https://www.teekay.com/,noah.r.parquette@jpmorgan.com
https://www.teekay.com/,nolanb@stifel.com
https://www.teekay.com/,rgiveans@jefferies.com
https://www.teekay.com/,shuttlerecruitment.manila@teekay.com
https://www.teekay.com/,spiro.dounis@ubs.com
https://www.thamesdiesel.co.uk/,
https://www.thamesdiesel.co.uk/,Oktay@thamesdiesel.co.uk
https://www.thamesdiesel.co.uk/,bartosz.oleksiak@thamesdiesel.co.uk
https://www.thamesdiesel.co.uk/,dt@thamesdiesel.co.uk
https://www.thamesdiesel.co.uk/,gregory.galvin@thamesdiesel.co.uk
https://www.thamesdiesel.co.uk/,info@desab.nu
https://www.thamesdiesel.co.uk/,jannick.guillome@thamesdiesel.co.uk
https://www.thamesdiesel.co.uk/,mark.hickey@thamesdiesel.co.uk
https://www.thamesdiesel.co.uk/,michelle.searle@thamesdiesel.co.uk
https://www.thamesdiesel.co.uk/,oktay@thamesdiesel.co.uk
https://www.thamesdiesel.co.uk/,peter.dyer@thamesdiesel.co.uk
https://www.thamesdiesel.co.uk/,sales@thamesdiesel.co.uk
https://www.thamesdiesel.co.uk/,tmsltd@otenet.gr
https://www.totallubmarine.com/,
https://www.tullp.com/,
https://www.tullp.com/,finance@tullp.com
https://www.tullp.com/,info@tullp.com
https://www.tullp.com/,production@tullp.com
https://www.tullp.com/,sales@tullp.com
https://www.tullp.com/,service@tullp.com
https://www.tullp.com/,warehouse@tullp.com
https://www.turbomed.gr/,info@proturbo-texas.com
https://www.turbomed.gr/,turbomed@otenet.gr
https://www.turmarmarine.com/,
https://www.vanos.gr/,
https://www.vanos.gr/,accounts@vanos.gr
https://www.vanos.gr/,cv@vanos.gr
https://www.vanos.gr/,enavigation@vanos.gr
https://www.vanos.gr/,info@vanos.gr
https://www.vanos.gr/,operations@vanos.gr
https://www.vanos.gr/,privacy@vanos.gr
https://www.vanos.gr/,provisionsdpt@vanos.gr
https://www.vanos.gr/,sales@vanos.gr
https://www.vanos.gr/,supply@vanos.gr
https://www.vanos.gr/,technical@vanos.gr
https://www.vmsworld.com/,
https://www.wartsila.cn/,
https://www.wartsila.com/,FUNAAftersalesDE@wartsila.com
https://www.wartsila.com/,FUNASalesDE@wartsila.com
https://www.wartsila.com/,Lucas.correa@wartsila.com
https://www.wartsila.com/,Online.Support@Wartsila.com
https://www.wartsila.com/,alberto.fernandez@wartsila.com
https://www.wartsila.com/,arnaud.gouet@wartsila.com
https://www.wartsila.com/,atte.palomaki@wartsila.com
https://www.wartsila.com/,benjamin.tornberg@wartsila.com
https://www.wartsila.com/,careers@wartsila.com
https://www.wartsila.com/,customersupport.north@wartsila.com
https://www.wartsila.com/,customersupport.south@wartsila.com
https://www.wartsila.com/,cyprus@wartsila.com
https://www.wartsila.com/,dave.adams@wartsila.com
https://www.wartsila.com/,david.szymanski@wartsila.com
https://www.wartsila.com/,dmitry.firsov@wartsila.com
https://www.wartsila.com/,dpsupport@wartsila.com
https://www.wartsila.com/,fabien.cadaut@wartsila.com
https://www.wartsila.com/,frederic.carron@wartsila.com
https://www.wartsila.com/,gasbassador@wartsila.com
https://www.wartsila.com/,goran.richardsson@wartsila.com
https://www.wartsila.com/,hanna.viita@wartsila.com
https://www.wartsila.com/,indetail@wartsila.com
https://www.wartsila.com/,internet@wartsila.com
https://www.wartsila.com/,investor.relations@wartsila.com
https://www.wartsila.com/,jaime.lopez@wartsila.com
https://www.wartsila.com/,jan.tallgren@wartsila.com
https://www.wartsila.com/,job.funa.de@wartsila.com
https://www.wartsila.com/,jorge.alcaide@wartsila.com
https://www.wartsila.com/,jukka-pekka.niemi@wartsila.com
https://www.wartsila.com/,kari.punnonen@wartsila.com
https://www.wartsila.com/,lithuania@wartsila.com
https://www.wartsila.com/,mail-ch@wartsila.com
https://www.wartsila.com/,marit.holmlund-sund@wartsila.com
https://www.wartsila.com/,media@wartsila.com
https://www.wartsila.com/,mikael.backman@wartsila.com
https://www.wartsila.com/,moss-service@wartsila.com
https://www.wartsila.com/,moss-spares@wartsila.com
https://www.wartsila.com/,ninna.arponen@wartsila.com
https://www.wartsila.com/,noel.leong@wartsila.com
https://www.wartsila.com/,office.spb@wartsila.com
https://www.wartsila.com/,ove.wilhelmsen@wartsila.com
https://www.wartsila.com/,parts.ukandbenelux@wartsila.com
https://www.wartsila.com/,pierpaolo.mazza@wartsila.com
https://www.wartsila.com/,poole.service@wartsila.com
https://www.wartsila.com/,poolespares.enquiries@wartsila.com
https://www.wartsila.com/,portugal@wartsila.com
https://www.wartsila.com/,sales.whu@wartsila.com
https://www.wartsila.com/,sampo.suvisaari@wartsila.com
https://www.wartsila.com/,sari.luhanka@wartsila.com
https://www.wartsila.com/,sealsandbearings@wartsila.com
https://www.wartsila.com/,service.sam.nl@wartsila.com
https://www.wartsila.com/,summerpower@wartsila.com
https://www.wartsila.com/,supplier.handbook@wartsila.com
https://www.wartsila.com/,sustainability@wartsila.com
https://www.wartsila.com/,technicalsupport.chts@wartsila.com
https://www.wartsila.com/,training.sam.nl@wartsila.com
https://www.wartsila.com/,twentyfour7@wartsila.com
https://www.wartsila.com/,upma.koul@wartsila.com
https://www.wartsila.com/,veranstaltung@wartsila.com
https://www.wartsila.com/,wartsila.estonia@wartsila.com
https://www.wartsila.com/,wsc.aftersales@wartsila.com
https://www.wescomsignal.com/,
https://www.wilhelmsen.com/,
https://www.wilhelmsen.com/,WSS.OSL.TIMM.SUPPORT@wilhelmsen.com
https://www.wilhelmsen.com/,data.privacy@wilhelmsen.com
https://www.wilhelmsen.com/,postkasse@datatilsynet.no
https://www.wilhelmsen.com/,wss.global.sdsinfo@wilhelmsen.com
https://www.wilsonship.no/,
https://www.wrist.com/,
https://www.wrist.com/,caml@wrist.com
https://www.wrist.com/,chha@wrist.dk
https://www.wrist.com/,chho@wrist.com
https://www.wrist.com/,dabe@wrist.com
https://www.wrist.com/,esns@wrist.com
https://www.wrist.com/,job@wrist.com
https://www.wrist.com/,kamo@wrist.dk
https://www.wrist.com/,krfl@wrist.com
https://www.wrist.com/,lidi@wrist.com
https://www.wrist.com/,limp@wrist.com
https://www.wrist.com/,lina@wrist.com
https://www.wrist.com/,liot@wrist.com
https://www.wrist.com/,makn@wrist.com
https://www.wrist.com/,mchr@wrist.com
https://www.wrist.com/,mivi@wrist.com
https://www.wrist.com/,most@wrist.com
https://www.wrist.com/,roph@wrist.com
https://www.wrist.com/,sjj@wrist.com
https://www.wrist.com/,swal@wrist.com
https://www.wrist.com/,tla@wrist.com
https://www.wrist.com/,world@worldship.com
https://www.wrist.com/,yink@wrist.com
https://www2.saacke.com/,
https://www2.saacke.com/,Quality@Saacke.com
https://www2.saacke.com/,info@saacke.com
https://www2.saacke.com/,service-industrial@saacke.com
https://www2.saacke.com/,service-marine@saacke.com
https://www2.saacke.com/,spares-industrial@saacke.com
https://www2.saacke.com/,spares-marine@saacke.com
