Website URL,Email Scraped
http://www.layher.com/en,info@layher.ae
http://www.sme.ae/,info@aceconcept.ae
https://govie.de,contact@3dit.de
https://govie.de,contact@3dit.de
https://www.alexander-partner.com/,info@alexander-partner.com
strohal.legalgroup,office@slg-strohallegalgroup.com
https://www.adports.ae,customerservice@adports.ae
https://alliance-dubai.net/,office@alliance-dubai.net
https://www.atrics.com,info@atrics.com
https://atton-institute.com/about-us/downloads.html,info@atton-institute.com
https://atton-institute.com/request-callback.html,info@atton-institute.com
http://www.avm-rent.de/index.php/vermietung,maus@avm-rent.de
https://autohaus.ae/contact-us/,info@autohaus.ae
https://www.youtube.com/embed/4uze33bu9WQ,info@bauer.de
jlt@axisauditing.com
https://twitter.com/AxisAuditingNo1,dubai@axisauditing.com
https://www.youtube.com/channel/UCRAPEbfhVsBmeajMA0dM5ag,info@axisauditing.com
https://www.beringer-behaelter.de/en.html,info@beringer-behaelter.de
https://gc.synxis.com/rez.aspx?Chain=13633&start=searchres,mail@bateauxdubai.com
http://www.bondinteriors.com,info@bondinteriors.com
https://www.instagram.com/brands_and_trade/,sekretariat@brandsandtrade.com
https://twitter.com/brandsandtrade,info@brandsandtrade.com
http://bfb-pharma.com/,info@bfb-pharma.com
http://reservations.travelclick.com/102553,info@carltondowntown.com
https://linkedin.com/company/1220446,info@bmc-gulf.com
http://bmc-gulf.com/,info@bmc-gulf.com
https://www.linkedin.com/company/3813562,info@cls-energy.com
https://www.consol.de/,info@consol.de
http://www.conet.de,mkilian@conet.de
https://www.conet.de/blog,thansler@conet.de
https://my.page2flip.de/282015/11962574/11962575/html5.html,info@conet.de
https://bw-engineers.com/,info@bw-engineers.com
http://www.covestro.com/,Order@Covestro
https://www.mydhl.dhl.com/?language=en,Jobs@DHL
https://www.damanhealth.ae/en/renew?utm_source=website&utm_medium=ticker&utm_campaign=abudhabi_basic_plan,customerinfo@damanhealth.ae
https://www.detecon.com/,Business@Detecon
https://www.dresden.ihk.de/servlet/portal?knoten_id=3&navpfad=3,service@dresden.ihk.de
https://www.earlybird.ae/,info@earlybird.ae
http://www.industrie.ejot.de,info@ejot.com
https://www.durag.com/products-en/measuring-monitoring-en/mercury-analyzers-en/hm-1400-trx-en,dsb@durag.com
https://www.linkedin.com/in/habiba-al-marashi-09134b31/,eeg@emirates.net.ae
https://www.eeg-uae.org/eeg-stories/,info@eeg-uae.org
https://portal.endress.com/webapp/DeviceViewer?cc=0008〈=en&usedla=false&serialNumber=&title=true&appcall=edc,W@M
https://portal.endress.com/webapp/aps/jsp/translateident.jsp?cc=0800〈=en&orderCode=&appcall=edc,W@M
https://portal.endress.com/irj/portal?nebp.appcall=edc,W@M
http://www.es-chem.de,peter.schick@es-chem.de
https://www.facebook.com/Emirates-German-Commercial-Broker-568403949876959/?fref=ts,admin@gbcdubai.ae
http://www.essen.ihk24.de,info@essen.ihk.de
http://www.essen.ihk24.de/en,info@essen.ihk.de
http://expataktuell.de,Pyramids@WAFI
https://www.emka.com/company/,info@emka.com
https://fairmont.hotelandbook.com/account/index.html,dubai@fairmont.com
https://fairmont.hotelandbook.com/account/index.html,reservations@fairmont.com
https://www.fairmont.de/dubai/,FPCGuestServices@fairmont.com
https://www.flo-akinbiyi.com,talktome@flo-akinbiyi.com
http://chat.gac.com/,bunker.ae@gac.com
http://chat.gac.com/,gdpr@gac.com
https://photos.gac.com/,gdpr@gac.com
https://photos.gac.com/,gdpr@gac.com
https://photos.gac.com/,hq@gac.com
http://www.intl-globalcare.com/,info@germancare-intl.com
https://www.fragomen.com/about/news/fragomen-and-greenfield-recognized-nljs-immigration-trailblazers-list,bengaluruinfo@fragomen.com
https://www.germandent.com/,clinic@germandent.com
https://www.germandent.com/,clinic@germandent.com
https://www.veridos.com,info.us@gi-de.com
https://www.facebook.com/GAASTLLC/,ghasan@eim.ae
http://germanschool.ae/,info@germanschool.ae
https://www.globalvillage.ae,info@globalvillage.ae
http://www.germela.com,info@germela.com
https://www.facebook.com/GermelaConsulting/,info@germela.com
https://www.group-silc.com/management-consultancy/,info@group-silc.com
http://www.hansemerkur-global.com,info@hansemerkur-global.com
https://www.greenparking.ae/,info@greenparking.ae
http://www.hw-dewatering.ae/,info@hw-dewatering.ae
http://www.hw-dewatering.ae/,info@hoelscher-wasserbau.de
http://www.icme-healthcare.com/,info@icme.com
http://www.icme-healthcare.com/,info@icme.com
http://www.icme-healthcare.com/services/,info@icme.com
http://www.icme-healthcare.com/services,info@icme.com
http://www.icme-healthcare.com/services,healthcare@icme.com
http://www.icme-healthcare.com/services,info@icme.com
http://www.ihk-lehrstellenboerse.de/,service@trier.ihk.de
https://www.ihk-nuernberg.de/sites/en/,kundenservice@nuernberg.ihk.de
https://www.ihk-nuernberg.de,kundenservice@nuernberg.ihk.de
https://www.eurobusxpo.com/,webmaster@initse.com
"https://www.google.ae/maps/place/KN+International+Architects+and+Engineers+LLC/@24.49032,54.364749,15z/data=!4m5!3m4!1s0x0:0x51143d997360714b!8m2!3d24.49032!4d54.364749",info@kn-uae.com
https://www.klingconsult.de/,mail@klingconsult.com
https://www.klingconsult.de/,mail@klingconsult.com
http://www.klingconsult.com/projects/hospitality-entertainment/rajmahal-theatre-dubai-uae/,Ahmad.Jarkas@klingconsult.com
http://www.klingconsult.com/projects/hospitality-entertainment/galleria-jeddah-ksa/,kc@klingconsult.de
https://business.facebook.com/almasaoodllc/?ref=your_pages,INFO@MASAOOD.COM
https://www.youtube.com/user/MANNHUMMELGroup,info@mann-hummel.com
http://www.tt-pixelmind.com,info@limbtech.ae
https://www.facebook.com/mayurbatragroup/,info@mayurbatragroup.com
https://www.linkedin.com/company/mayur-batra-group-uae/,info@mayurbatragroup.com
https://www.modul.ac.ae,info@modul.ac.ae
https://www.ihk-muenchen.de/de/,info@muenchen.ihk.de
https://www.ihk-muenchen.de/de/,info@muenchen.ihk.de
http://miolawfirm.com/,mio@miolawfirm.com
https://www.xing.com/companies/ihkoffenbachammain,Dr@ht
https://www.peri.com,perillc@peri.ae
https://www.livechatinc.com/chat-with/10029490/,hello@prestigedubai.com
https://www.livechatinc.com/?welcome,info@prestigedubai.com
https://www.qrc-group.com,info@qrc-group.com
https://www.raffles.com/leclub/join-loyalty-program/,RAguestservices@raffles.com
http://redexdubai.com/blog/hobart-corp-stand-gulfhost-2017/,info@redexdubai.com
http://wirtschaft-neckar-alb.de/,kic@reutlingen.ihk.de
http://shop.ihkrt.de,kic@reutlingen.ihk.de
http://www.roda-hotels.com/al-murooj/restaurants-bars/,almurooj.hotel@roda-hotels.com
https://www.rohde-schwarz.com.cn/home_48230.html?change_c=true,sales.rsindia@rohde-schwarz.com
http://www.safes.ae/,info@safes.ae
http://www.safes.ae/,info@safes.ae
http://www.safes.ae/,info@safes.ae
http://www.aircraftinteriorsexpo.com/,info@sacs.aero
http://www.xbag.aero/,info@sacs.aero
http://www.boysen.aero,info-muc@boysen.aero
http://www.boysen.aero,info-ham@boysen.aero
http://www.boysen.aero,info@sacs-boysen-us.aero
http://www.rudolph-log.com/en/home,info@rudolph-log.com
http://senatlegal.com/,info@senatmea.com
http://senat-accounting.com/,info@senatmea.com
https://www.linkedin.com/company/senat-mea-management-consultancy,info@senatmea.com
http://sisd.ae,info@sisd.ae
http://sisd.ae/our-school/,admissions@sisd.ae
http://sisd.ae/our-school/early-years/,hr@sisd.ae
http://www.sms-group.com,info@sms-gulf.ae
https://www.sms-group.com/legal/imprint/,info@sms-gulf.ae
https://www.youtube.com/channel/UCIl-iIl8esidXu_FjccwPbw,info@thost.de
https://www.xing.com/companies/thostprojektmanagementgmbh,info@thost.de
http://amk-group.com/de/content/neue_distributionsstruktur_im_independent_aftermarket,info@tow-gmbh.de
http://www.topwerk.com/ueber-uns/vertrieb-standorte/,info@topwerk.com
http://instagram.com/travelats,info@travelats.com
http://www.trustmedubai.com,u.hohmann@trustmedubai.com
http://tuvintercert.it/,info@tuv-intercert.org
Website URL,Email Scraped
http://1765gemini.com/,
http://akquisespezialist-kern.de/,
http://amereller.com/,
http://amereller.com/,office@amereller.com
http://amereller.com/,schlichtungsstelle@s-d-r.org
http://azhari-law.com/,
http://azhari-law.com/,info@azhari-law.com
http://babuk.de/,
http://babuk.de/,info@babuk.de
http://www.3monkeys.net/,
http://www.3monkeys.net/,info@3monkeys.net
http://www.Layher.ae/,info@layher.ae
http://www.aceconcept.ae/,info@aceconcept.ae
http://www.advantesco.com/,
http://www.advantesco.com/,info@advantesco.com
http://www.al-majid.com/,
http://www.al-majid.com/,Elizabeth.percy@al-majid.com
http://www.al-majid.com/,elizabeth.percy@al-majid.com
http://www.al-majid.com/,sltt@emirates.net.ae
http://www.al-majid.com/,travlnet@emirates.net.ae
http://www.albariq.com/,
http://www.albatha.com/,
http://www.albatha.com/,business@albatha.com
http://www.alfahim.com/,
http://www.algurg.com/,
http://www.aramispartners.com/,
http://www.aramispartners.com/,info@aramispartners.com
http://www.aryainsurance.com/,
http://www.aryainsurance.com/,hr@aryainsurance.com
http://www.awi-group.de/,
http://www.awi-group.de/,ch@awi-group.de
http://www.awi-group.de/,info@awi-group.de
http://www.awi-group.de/,mks@awi-group.de
http://www.bakerskitchenuae.com/,
http://www.bakerskitchenuae.com/,bkuae@mail.com
http://www.bakertillyjfc.com/,
http://www.middleeast.bilfinger.com/,
http://www.middleeast.bilfinger.com/,bilfinger.me@bilfinger.com
https://abas-erp.com/,
https://abas-erp.com/,info@abas-usa.com
https://abas-erp.com/,sales@abas-erp.com
https://abas-erp.com/,sales@abas-usa.com
https://alliance-dubai.net/,office@alliance-dubai.net
https://atton-institute.com/,info@atton-institute.com
https://emirintelligence.com/,
https://fenster-folien.com/,
https://investors.tmf-group.com/,ir@tmf-group.com
https://news.arriva.co.uk/,
https://www.adcb.com/,
https://www.adcb.com/,Customercare.mortgages@adcb.com
https://www.adcb.com/,Servicedeskauh@adcb.com
https://www.adcb.com/,Servicedeskdxb@adcb.com
https://www.adcb.com/,adcbactive@adcb.com
https://www.adcb.com/,adcbprivate@adcb.com
https://www.adcb.com/,ilias.kakos@adcb.com
https://www.adports.ae/,customerservice@adports.ae
https://www.afcholidays.com/,
https://www.alamogroup.net/,
https://www.alexander-partner.com/,berlin@hlz.de
https://www.alexander-partner.com/,info@alexander-partner.com
https://www.alexander-partner.com/,info@rak-berlin.org
https://www.alexander-partner.com/,schlichtungsstelle@brak.de
https://www.alfajer.net/,
https://www.alfajer.net/,alfajer@emirates.net.ae
https://www.alliottuae.com/,
https://www.anantara.com/,
https://www.arriva.co.uk/,
https://www.arriva.co.uk/,DestinationGreen@arriva.co.uk
https://www.arriva.co.uk/,data.protection@arriva.co.uk
https://www.arriva.co.uk/,enquiries@arriva.co.uk
https://www.atrics.com/,
https://www.atrics.com/,dsb@wagner-datenschutz.de
https://www.atrics.com/,info@atrics.com
https://www.audax.de/,
https://www.avm-rent.de/,maus@avm-rent.de
https://www.awrbuildingindustries.com/,
https://www.jaresortshotels.com/,
https://www.jaresortshotels.com/,mail@bateauxdubai.com
https://www.slg-strohallegalgroup.com/,office@slg-strohallegalgroup.com
https://www.tmf-group.com/,
https://www.tmf-group.com/,andrea.hernandez@tmf-group.com
https://www.tmf-group.com/,dataprotection@tmf-group.com
https://www.tmf-group.com/,sunita.ghalley@tmf-group.com
